{
  "version": 1,
  "width": 183,
  "height": 47,
  "duration": 65.004767,
  "command": null,
  "title": null,
  "env": {
    "TERM": "xterm-256color",
    "SHELL": "/bin/bash"
  },
  "stdout": [
    [
      1.438318,
      "\u001b[?1034h$ "
    ],
    [
      0.44778,
      "s"
    ],
    [
      0.11979,
      "c"
    ],
    [
      0.208398,
      "r"
    ],
    [
      0.080352,
      "i"
    ],
    [
      0.080025,
      "p"
    ],
    [
      0.192175,
      "t"
    ],
    [
      0.095978,
      "s"
    ],
    [
      0.143838,
      "/"
    ],
    [
      0.176119,
      "r"
    ],
    [
      0.096001,
      "u"
    ],
    [
      0.207956,
      "n"
    ],
    [
      0.271818,
      "_"
    ],
    [
      0.176266,
      "s"
    ],
    [
      0.079946,
      "q"
    ],
    [
      0.064029,
      "l"
    ],
    [
      0.272033,
      "_"
    ],
    [
      0.207864,
      "c"
    ],
    [
      0.036675,
      "m"
    ],
    [
      0.171505,
      "d"
    ],
    [
      0.039856,
      " "
    ],
    [
      0.256061,
      "\""
    ],
    [
      0.231487,
      "s"
    ],
    [
      0.184259,
      "e"
    ],
    [
      0.024206,
      "l"
    ],
    [
      0.136199,
      "e"
    ],
    [
      0.079762,
      "c"
    ],
    [
      0.256036,
      "t"
    ],
    [
      0.039613,
      " "
    ],
    [
      0.25654,
      "*"
    ],
    [
      0.064058,
      " "
    ],
    [
      0.159208,
      "f"
    ],
    [
      0.192571,
      "r"
    ],
    [
      0.02377,
      "o"
    ],
    [
      0.192237,
      "m"
    ],
    [
      0.042453,
      " "
    ],
    [
      0.509031,
      "o"
    ],
    [
      0.055602,
      "r"
    ],
    [
      0.18445,
      "d"
    ],
    [
      0.096298,
      "e"
    ],
    [
      0.096453,
      "r"
    ],
    [
      0.119993,
      "s"
    ],
    [
      0.143267,
      " "
    ],
    [
      0.159956,
      "w"
    ],
    [
      0.080203,
      "h"
    ],
    [
      0.080503,
      "e"
    ],
    [
      0.167916,
      "r"
    ],
    [
      0.040067,
      "e"
    ],
    [
      0.063787,
      " "
    ],
    [
      0.151549,
      "i"
    ],
    [
      0.136491,
      "d"
    ],
    [
      0.120032,
      "="
    ],
    [
      0.239994,
      "4"
    ],
    [
      0.383862,
      "\""
    ],
    [
      0.216178,
      "\r\n"
    ],
    [
      0.01966,
      " id | sku_id | quantity | unit_price | unit_cost | status | placed_at  | updated_at \r\n----+--------+----------+------------+-----------+--------+------------+------------\r\n  4 |    156 |        1 |      29.99 |      19.3 | placed | 2017-07-16 | 2017-07-16\r\n(1 row)\r\n\r\n"
    ],
    [
      0.121992,
      "$ "
    ],
    [
      1.13827,
      "s"
    ],
    [
      0.151723,
      "c"
    ],
    [
      0.176309,
      "r"
    ],
    [
      0.080169,
      "i"
    ],
    [
      0.079652,
      "p"
    ],
    [
      0.135593,
      "t"
    ],
    [
      0.080237,
      "s"
    ],
    [
      0.056118,
      "/"
    ],
    [
      0.184128,
      "r"
    ],
    [
      0.080174,
      "u"
    ],
    [
      0.176059,
      "n"
    ],
    [
      0.239621,
      "_"
    ],
    [
      0.192385,
      "s"
    ],
    [
      0.041702,
      "q"
    ],
    [
      0.093582,
      "l"
    ],
    [
      0.216661,
      "_"
    ],
    [
      0.167964,
      "c"
    ],
    [
      0.080277,
      "m"
    ],
    [
      0.119666,
      "d"
    ],
    [
      0.071472,
      " "
    ],
    [
      0.248305,
      "\""
    ],
    [
      0.256257,
      "s"
    ],
    [
      0.215598,
      "e"
    ],
    [
      0.016403,
      "l"
    ],
    [
      0.135231,
      "e"
    ],
    [
      0.192571,
      "c"
    ],
    [
      0.135644,
      " "
    ],
    [
      0.480039,
      "\b\u001b[K"
    ],
    [
      0.128629,
      "t"
    ],
    [
      0.079029,
      " "
    ],
    [
      0.168882,
      "i"
    ],
    [
      0.144105,
      "d"
    ],
    [
      0.143324,
      ","
    ],
    [
      0.064463,
      " "
    ],
    [
      0.848231,
      "s"
    ],
    [
      0.159768,
      "t"
    ],
    [
      0.095868,
      "a"
    ],
    [
      0.080273,
      "t"
    ],
    [
      0.079965,
      "u"
    ],
    [
      0.160162,
      "s"
    ],
    [
      0.143343,
      ","
    ],
    [
      0.056329,
      " "
    ],
    [
      0.231517,
      "v"
    ],
    [
      0.05626,
      "a"
    ],
    [
      0.120293,
      "l"
    ],
    [
      0.200279,
      "i"
    ],
    [
      0.095511,
      "d"
    ],
    [
      0.176669,
      "_"
    ],
    [
      0.19116,
      "f"
    ],
    [
      0.160094,
      "r"
    ],
    [
      0.047636,
      "o"
    ],
    [
      0.208346,
      "m"
    ],
    [
      0.200348,
      ","
    ],
    [
      0.030499,
      " "
    ],
    [
      0.129079,
      "v"
    ],
    [
      0.120001,
      "a"
    ],
    [
      0.080529,
      "l"
    ],
    [
      0.196059,
      "i"
    ],
    [
      0.135056,
      "d"
    ],
    [
      0.244976,
      "_"
    ],
    [
      0.232014,
      "t"
    ],
    [
      0.06401,
      "o"
    ],
    [
      0.295434,
      " "
    ],
    [
      0.280369,
      "f"
    ],
    [
      0.176137,
      "r"
    ],
    [
      0.031968,
      "o"
    ],
    [
      0.190888,
      "m"
    ],
    [
      0.072778,
      " "
    ],
    [
      0.176151,
      "o"
    ],
    [
      0.080316,
      "r"
    ],
    [
      0.182994,
      "d"
    ],
    [
      0.127727,
      "e"
    ],
    [
      0.103965,
      "r"
    ],
    [
      0.186866,
      "s"
    ],
    [
      0.198459,
      "_"
    ],
    [
      0.223927,
      "l"
    ],
    [
      0.183817,
      "o"
    ],
    [
      0.144111,
      "g"
    ],
    [
      0.20772,
      " "
    ],
    [
      0.19305,
      "o"
    ],
    [
      0.231098,
      "\b\u001b[K"
    ],
    [
      0.175972,
      "w"
    ],
    [
      0.072066,
      "h"
    ],
    [
      0.120262,
      "e"
    ],
    [
      0.159098,
      "r"
    ],
    [
      0.056738,
      "e"
    ],
    [
      0.095627,
      " "
    ],
    [
      0.144207,
      "i"
    ],
    [
      0.14427,
      "d"
    ],
    [
      0.264026,
      "="
    ],
    [
      0.272059,
      "4"
    ],
    [
      0.400126,
      "\""
    ],
    [
      0.647767,
      "\r\n"
    ],
    [
      0.021841,
      " id | status |     valid_from      | valid_to \r\n----+--------+---------------------+----------\r\n  4 | placed | 2017-07-16 00:00:00 | \r\n(1 row)\r\n\r\n"
    ],
    [
      0.131696,
      "$ "
    ],
    [
      2.566328,
      "s"
    ],
    [
      0.136661,
      "c"
    ],
    [
      0.207157,
      "r"
    ],
    [
      0.096314,
      "i"
    ],
    [
      0.104058,
      "p"
    ],
    [
      0.11205,
      "t"
    ],
    [
      0.079619,
      "s"
    ],
    [
      0.103707,
      "/"
    ],
    [
      0.207908,
      "r"
    ],
    [
      0.064175,
      "u"
    ],
    [
      0.208077,
      "n"
    ],
    [
      0.239756,
      "_"
    ],
    [
      0.160808,
      "s"
    ],
    [
      0.023293,
      "q"
    ],
    [
      0.096624,
      "l"
    ],
    [
      0.215975,
      "_"
    ],
    [
      0.168007,
      "c"
    ],
    [
      0.103994,
      "m"
    ],
    [
      0.096046,
      "d"
    ],
    [
      0.079442,
      " "
    ],
    [
      0.255725,
      "\""
    ],
    [
      0.688324,
      "u"
    ],
    [
      0.176542,
      "p"
    ],
    [
      0.079946,
      "d"
    ],
    [
      0.079471,
      "a"
    ],
    [
      0.136585,
      "t"
    ],
    [
      0.080365,
      "e"
    ],
    [
      0.078755,
      " "
    ],
    [
      0.104335,
      "o"
    ],
    [
      0.096447,
      "r"
    ],
    [
      0.168068,
      "d"
    ],
    [
      0.119718,
      "e"
    ],
    [
      0.079748,
      "r"
    ],
    [
      0.160157,
      "s"
    ],
    [
      0.184273,
      " "
    ],
    [
      0.495538,
      "s"
    ],
    [
